/wa-data/public/site/NMP_Catalogue/NM_B_scand_26.html?iframe=true&width=98%&height=98%,/wa-data/public/shop/products/28/10/1028/images/88/88.970.jpg,РљР°РјРµРЅРЅРѕРµ РїРѕРєСЂС‹С‚РёРµ,"РЎРєРѕРІРѕСЂРѕРґР° ""Р‘Р°Р№РєР°Р»"", РґР»СЏ Р¶Р°СЂРєРё, Р»РёС‚Р°СЏ, Г�24",РђСЂС‚РёРєСѓР»: 25124
/wa-data/public/site/NMP_Catalogue/cast_pc_fun.html?iframe=true&width=98%&height=98%,/wa-data/public/shop/products/27/08/827/images/521/521.970.png,Р‘Р»РёРЅРЅС‹Рµ СЃРєРѕРІРѕСЂРѕРґС‹,"РЎРєРѕРІРѕСЂРѕРґР° Г�22   Р»РёС‚Р°СЏ Р±Р»РёРЅРЅР°СЏ ""Р’РµСЃРµР»Р°СЏ""",РђСЂС‚РёРєСѓР»: 6222РІ
/wa-data/public/site/NMP_Catalogue/NM_B_scand_26.html?iframe=true&width=98%&height=98%,/wa-data/public/shop/products/29/10/1029/images/133/133.970.jpg,РљР°РјРµРЅРЅРѕРµ РїРѕРєСЂС‹С‚РёРµ,"РЎРєРѕРІРѕСЂРѕРґР° ""Р‘Р°Р№РєР°Р»"", РґР»СЏ Р¶Р°СЂРєРё, Р»РёС‚Р°СЏ, Г�26",РђСЂС‚РёРєСѓР»: 25126
/wa-data/public/site/NMP_Catalogue/cast_pc_cat.html?iframe=true&width=98%&height=98%,/wa-data/public/shop/products/29/08/829/images/522/522.970.png,Р‘Р»РёРЅРЅС‹Рµ СЃРєРѕРІРѕСЂРѕРґС‹,РЎРєРѕРІРѕСЂРѕРґР° Г�22 Р»РёС‚Р°СЏ Р±Р»РёРЅРЅР°СЏ (РєРѕС‚),РђСЂС‚РёРєСѓР»: 6222РєС‚
/wa-data/public/site/NMP_Catalogue/NM_B_scand_26.html?iframe=true&width=98%&height=98%,/wa-data/public/shop/products/30/10/1030/images/83/83.970.jpg,РљР°РјРµРЅРЅРѕРµ РїРѕРєСЂС‹С‚РёРµ,"РЎРєРѕРІРѕСЂРѕРґР° ""Р‘Р°Р№РєР°Р»"", РґР»СЏ Р¶Р°СЂРєРё, Р»РёС‚Р°СЏ, Г�28",РђСЂС‚РёРєСѓР»: 25128
/wa-data/public/site/NMP_Catalogue/cast_pc_sun.html?iframe=true&width=98%&height=98%,/wa-data/public/shop/products/77/08/877/images/523/523.970.png,Р‘Р»РёРЅРЅС‹Рµ СЃРєРѕРІРѕСЂРѕРґС‹,РЎРєРѕРІРѕСЂРѕРґР° Г�24 Р»РёС‚Р°СЏ Р±Р»РёРЅРЅР°СЏ (СЃРѕР»РЅС†Рµ),РђСЂС‚РёРєСѓР»: 6224СЃР»
/wa-data/public/site/NMP_Catalogue/NM_B_cgril.html?iframe=true&width=98%&height=98%,/wa-data/public/shop/products/63/10/1063/images/527/527.970.png,РљР°РјРµРЅРЅРѕРµ РїРѕРєСЂС‹С‚РёРµ,"РЎРєРѕРІРѕСЂРѕРґР°-РіСЂРёР»СЊ ""Р‘Р°Р№РєР°Р»"", Г�24, СЃРѕ СЃСЉРµРјРЅРѕР№ СЂСѓС‡РєРѕР№",РђСЂС‚РёРєСѓР»: 254424
/wa-data/public/site/NMP_Catalogue/T_pc_mh_30.html?iframe=true&width=98%&height=98%,/wa-data/public/shop/products/24/08/824/images/558/558.970.png,Р‘Р»РёРЅРЅС‹Рµ СЃРєРѕРІРѕСЂРѕРґС‹,"РЎРєРѕРІРѕСЂРѕРґР° Р±Р»РёРЅРЅР°СЏ Г�22, Р»РёС‚Р°СЏ, РўРёС‚Р°РЅ, СЃ РјРµС‚Р°Р»Р»РёС‡РµСЃРєРѕР№ СЂСѓС‡РєРѕР№",РђСЂС‚РёРєСѓР»: 9522
/wa-data/public/site/NMP_Catalogue/T_pc_24.html?iframe=true&width=98%&height=98%,/wa-data/public/shop/products/91/07/791/images/537/537.970.png,Р‘Р»РёРЅРЅС‹Рµ СЃРєРѕРІРѕСЂРѕРґС‹,"РЎРєРѕРІРѕСЂРѕРґР° Р±Р»РёРЅРЅР°СЏ Г�20, Р»РёС‚Р°СЏ РўРёС‚Р°РЅ II",РђСЂС‚РёРєСѓР»: 9220
/wa-data/public/site/NMP_Catalogue/NM_B_PC.html?iframe=true&width=98%&height=98%,/wa-data/public/shop/products/81/09/981/images/91/91.970.jpg,РљР°РјРµРЅРЅРѕРµ РїРѕРєСЂС‹С‚РёРµ,"РЎРєРѕРІРѕСЂРѕРґР° Р±Р»РёРЅРЅР°СЏ ""Р‘Р°Р№РєР°Р»"", Р»РёС‚Р°СЏ, Г�24",РђСЂС‚РёРєСѓР»: 256224
/wa-data/public/site/NMP_Catalogue/T_pc_24.html?iframe=true&width=98%&height=98%,/wa-data/public/shop/products/75/08/875/images/575/575.970.png,Р‘Р»РёРЅРЅС‹Рµ СЃРєРѕРІРѕСЂРѕРґС‹,"РЎРєРѕРІРѕСЂРѕРґР° Р±Р»РёРЅРЅР°СЏ Г�24, Р»РёС‚Р°СЏ РўРёС‚Р°РЅ II",РђСЂС‚РёРєСѓР»: 9224
/wa-data/public/site/NMP_Catalogue/pearl_tr_26.html?iframe=true&width=98%&height=98%,/wa-data/public/shop/products/83/10/1083/images/517/517.970.png,РЈРЅРёРІРµСЂСЃР°Р»СЊРЅС‹Рµ СЃРєРѕРІРѕСЂРѕРґС‹,"РЎРєРѕРІРѕСЂРѕРґР° ""РљРѕСЂР°Р»Р»"", Р»РёС‚Р°СЏ, Г�20",РђСЂС‚РёРєСѓР»: PC120
/wa-data/public/site/NMP_Catalogue/pan_17l.html?iframe=true&width=98%&height=98%,/wa-data/public/shop/products/05/11/1105/images/598/598.970.jpg,РљРѕР»Р»РµРєС†РёСЏ РїРѕСЃСѓРґС‹ РёР· РЅРµСЂР¶Р°РІРµСЋС‰РµР№ СЃС‚Р°Р»Рё,"РљР°СЃС‚СЂСЋР»СЏ 1,7 Р» РёР· РЅРµСЂР¶Р°РІРµСЋС‰РµР№ СЃС‚Р°Р»Рё СЃРѕ СЃС‚РµРєР»СЏРЅРЅРѕР№ РєСЂС‹С€РєРѕР№",РђСЂС‚РёРєСѓР»: РќРЎ017
/wa-data/public/site/NMP_Catalogue/T_pc_mh_30.html?iframe=true&width=98%&height=98%,/wa-data/public/shop/products/78/09/978/images/559/559.970.png,Р‘Р»РёРЅРЅС‹Рµ СЃРєРѕРІРѕСЂРѕРґС‹,"РЎРєРѕРІРѕСЂРѕРґР° Р±Р»РёРЅРЅР°СЏ Г�30, Р»РёС‚Р°СЏ, РўРёС‚Р°РЅ, СЃ РјРµС‚Р°Р»Р»РёС‡РµСЃРєРѕР№ СЂСѓС‡РєРѕР№",РђСЂС‚РёРєСѓР»: 9530
/wa-data/public/site/NMP_Catalogue/pearl_tr_26.html?iframe=true&width=98%&height=98%,/wa-data/public/shop/products/85/10/1085/images/516/516.970.png,РЈРЅРёРІРµСЂСЃР°Р»СЊРЅС‹Рµ СЃРєРѕРІРѕСЂРѕРґС‹,"РЎРєРѕРІРѕСЂРѕРґР°   ""РљРѕСЂР°Р»Р»"", Р»РёС‚Р°СЏ, Г�22",РђСЂС‚РёРєСѓР»: PC122
/wa-data/public/site/NMP_Catalogue/pearl_tr_26.html?iframe=true&width=98%&height=98%,/wa-data/public/shop/products/91/10/1091/images/518/518.970.png,РЈРЅРёРІРµСЂСЃР°Р»СЊРЅС‹Рµ СЃРєРѕРІРѕСЂРѕРґС‹,"РЎРєРѕРІРѕСЂРѕРґР° ""РљРѕСЂР°Р»Р»"", Р»РёС‚Р°СЏ, Г�24",РђСЂС‚РёРєСѓР»: PC124
/wa-data/public/site/NMP_Catalogue/pan_17l.html?iframe=true&width=98%&height=98%,/wa-data/public/shop/products/06/11/1106/images/599/599.970.jpg,РљРѕР»Р»РµРєС†РёСЏ РїРѕСЃСѓРґС‹ РёР· РЅРµСЂР¶Р°РІРµСЋС‰РµР№ СЃС‚Р°Р»Рё,"РљР°СЃС‚СЂСЋР»СЏ 2,4 Р» РёР· РЅРµСЂР¶Р°РІРµСЋС‰РµР№ СЃС‚Р°Р»Рё СЃРѕ СЃС‚РµРєР»СЏРЅРЅРѕР№ РєСЂС‹С€РєРѕР№",РђСЂС‚РёРєСѓР»: РќРЎ024
/wa-data/public/site/NMP_Catalogue/pearl_tr_26.html?iframe=true&width=98%&height=98%,/wa-data/public/shop/products/94/10/1094/images/519/519.970.png,РЈРЅРёРІРµСЂСЃР°Р»СЊРЅС‹Рµ СЃРєРѕРІРѕСЂРѕРґС‹,"РЎРєРѕРІРѕСЂРѕРґР° ""РљРѕСЂР°Р»Р»"", Р»РёС‚Р°СЏ, Г�26",РђСЂС‚РёРєСѓР»: PC126
/wa-data/public/site/NMP_Catalogue/FI_pc_24.html?iframe=true&width=98%&height=98%,/wa-data/public/shop/products/24/07/724/images/651/651.970.png,Р”Р»СЏ РёРЅРґСѓРєС†РёРѕРЅРЅС‹С… РїР»РёС‚,"CРєРѕРІРѕСЂРѕРґР° Р±Р»РёРЅРЅР°СЏ Р¤РµСЂСЂР° Р�РЅРґСѓРєС†РёСЏ, Р»РёС‚Р°СЏ, Г�22",РђСЂС‚РёРєСѓР»: 59222
/wa-data/public/site/NMP_Catalogue/NM_B_tr26.html?iframe=true&width=98%&height=98%,/wa-data/public/shop/products/18/08/818/images/494/494.970.png,РљР°РјРµРЅРЅРѕРµ РїРѕРєСЂС‹С‚РёРµ,"РЎРєРѕРІРѕСЂРѕРґР°   ""Р‘Р°Р№РєР°Р»"", Р»РёС‚Р°СЏ, Г�22",РђСЂС‚РёРєСѓР»: 2522
/wa-data/public/site/NMP_Catalogue/T_spec_lh_20.html?iframe=true&width=98%&height=98%,/wa-data/public/shop/products/89/07/789/images/350/350.970.jpg,РЈРЅРёРІРµСЂСЃР°Р»СЊРЅС‹Рµ СЃРєРѕРІРѕСЂРѕРґС‹,РЎРљРћР’РћР РћР”Рђ Р›Р�РўРђРЇ (РїРѕР»РёРјРµСЂ-РєРµСЂР°Рј.)  Г�20,РђСЂС‚РёРєСѓР»: 9120
/wa-data/public/site/NMP_Catalogue/ladle_1-7.html?iframe=true&width=98%&height=98%,/wa-data/public/shop/products/48/07/748/images/544/544.970.png,РљР°Р·Р°РЅС‹ Рё РєРѕРІС€Рё,"РљРѕРІС€ СЃ РїСЂРёРєР»РµРїР°РЅРЅРѕР№ СЂСѓС‡РєРѕР№ 1,7Р» РўРёС‚Р°РЅ II",РђСЂС‚РёРєСѓР»: 9317
/wa-data/public/site/NMP_Catalogue/Bordo_trad_26_lh.html?iframe=true&width=98%&height=98%,/wa-data/public/shop/products/05/08/805/images/547/547.970.png,РЈРЅРёРІРµСЂСЃР°Р»СЊРЅС‹Рµ СЃРєРѕРІРѕСЂРѕРґС‹,"РЎРєРѕРІРѕСЂРѕРґР° Г�22 Р›Р�РўРђРЇ ""Р‘РѕСЂРґРѕ"", РўРёС‚Р°РЅ II",РђСЂС‚РёРєСѓР»: 9722
/wa-data/public/site/NMP_Catalogue/pearl_tr_28.html?iframe=true&width=98%&height=98%,/wa-data/public/shop/products/96/10/1096/images/520/520.970.png,РЈРЅРёРІРµСЂСЃР°Р»СЊРЅС‹Рµ СЃРєРѕРІРѕСЂРѕРґС‹,"РЎРєРѕРІРѕСЂРѕРґР° ""РљРѕСЂР°Р»Р»"", Р»РёС‚Р°СЏ, Г�28",РђСЂС‚РёРєСѓР»: PC128
/wa-data/public/site/NMP_Catalogue/FI_pc_24.html?iframe=true&width=98%&height=98%,/wa-data/public/shop/products/25/07/725/images/653/653.970.png,Р”Р»СЏ РёРЅРґСѓРєС†РёРѕРЅРЅС‹С… РїР»РёС‚,"CРєРѕРІРѕСЂРѕРґР° Р±Р»РёРЅРЅР°СЏ Р¤РµСЂСЂР° Р�РЅРґСѓРєС†РёСЏ, Р»РёС‚Р°СЏ, Г�24",РђСЂС‚РёРєСѓР»: 59224
/wa-data/public/site/NMP_Catalogue/NM_K_trad_26.html?iframe=true&width=98%&height=98%,/wa-data/public/shop/products/68/08/868/images/498/498.970.png,РљР°РјРµРЅРЅРѕРµ РїРѕРєСЂС‹С‚РёРµ,"РЎРєРѕРІРѕСЂРѕРґР° ""РљР°СЂРµР»РёСЏ"", Р»РёС‚Р°СЏ, Г�24",РђСЂС‚РёРєСѓР»: 2324
/wa-data/public/site/NMP_Catalogue/NM_B_tr26.html?iframe=true&width=98%&height=98%,/wa-data/public/shop/products/66/08/866/images/495/495.970.png,РљР°РјРµРЅРЅРѕРµ РїРѕРєСЂС‹С‚РёРµ,"РЎРєРѕРІРѕСЂРѕРґР° ""Р‘Р°Р№РєР°Р»"", Р»РёС‚Р°СЏ, Г�24",РђСЂС‚РёРєСѓР»: 2524
/wa-data/public/site/NMP_Catalogue/Bordo_trad_26_lh.html?iframe=true&width=98%&height=98%,/wa-data/public/shop/products/48/08/848/images/514/514.970.png,РЈРЅРёРІРµСЂСЃР°Р»СЊРЅС‹Рµ СЃРєРѕРІРѕСЂРѕРґС‹,"РЎРєРѕРІРѕСЂРѕРґР° Г�24 Р›Р�РўРђРЇ ""Р‘РѕСЂРґРѕ"", РўРёС‚Р°РЅ II",РђСЂС‚РёРєСѓР»: 9724
/wa-data/public/site/NMP_Catalogue/pan_3l.html?iframe=true&width=98%&height=98%,/wa-data/public/shop/products/07/11/1107/images/600/600.970.jpg,РљРѕР»Р»РµРєС†РёСЏ РїРѕСЃСѓРґС‹ РёР· РЅРµСЂР¶Р°РІРµСЋС‰РµР№ СЃС‚Р°Р»Рё,"РљР°СЃС‚СЂСЋР»СЏ 3,1 Р» РёР· РЅРµСЂР¶Р°РІРµСЋС‰РµР№ СЃС‚Р°Р»Рё СЃРѕ СЃС‚РµРєР»СЏРЅРЅРѕР№ РєСЂС‹С€РєРѕР№",РђСЂС‚РёРєСѓР»: РќРЎ031
/wa-data/public/site/NMP_Catalogue/NM_K_trad_26.html?iframe=true&width=98%&height=98%,/wa-data/public/shop/products/19/09/919/images/499/499.970.png,РљР°РјРµРЅРЅРѕРµ РїРѕРєСЂС‹С‚РёРµ,"РЎРєРѕРІРѕСЂРѕРґР° ""РљР°СЂРµР»РёСЏ"", Р»РёС‚Р°СЏ, Г�26",РђСЂС‚РёРєСѓР»: 2326
/wa-data/public/site/NMP_Catalogue/NM_B_tr26.html?iframe=true&width=98%&height=98%,/wa-data/public/shop/products/17/09/917/images/496/496.970.png,РљР°РјРµРЅРЅРѕРµ РїРѕРєСЂС‹С‚РёРµ,"РЎРєРѕРІРѕСЂРѕРґР° ""Р‘Р°Р№РєР°Р»"", Р»РёС‚Р°СЏ, Г�26",РђСЂС‚РёРєСѓР»: 2526
/wa-data/public/site/NMP_Catalogue/T_tr_20.html?iframe=true&width=98%&height=98%,/wa-data/public/shop/products/87/07/787/images/493/493.970.jpeg,РЈРЅРёРІРµСЂСЃР°Р»СЊРЅС‹Рµ СЃРєРѕРІРѕСЂРѕРґС‹,"РЎРєРѕРІРѕСЂРѕРґР° Г�20 Р»РёС‚Р°СЏ, РўРёС‚Р°РЅ II, СЃРѕ СЃСЉРµРјРЅРѕР№ СЂСѓС‡РєРѕР№",РђСЂС‚РёРєСѓР»: 9020
/wa-data/public/site/NMP_Catalogue/Bordo_trad_26_lh.html?iframe=true&width=98%&height=98%,/wa-data/public/shop/products/99/08/899/images/548/548.970.png,РЈРЅРёРІРµСЂСЃР°Р»СЊРЅС‹Рµ СЃРєРѕРІРѕСЂРѕРґС‹,"РЎРєРѕРІРѕСЂРѕРґР° Г�26 Р›Р�РўРђРЇ ""Р‘РѕСЂРґРѕ"", РўРёС‚Р°РЅ II",РђСЂС‚РёРєСѓР»: 9726
/wa-data/public/site/NMP_Catalogue/T_tr_26.html?iframe=true&width=98%&height=98%,/wa-data/public/shop/products/02/08/802/images/489/489.970.jpeg,РЈРЅРёРІРµСЂСЃР°Р»СЊРЅС‹Рµ СЃРєРѕРІРѕСЂРѕРґС‹,"РЎРєРѕРІРѕСЂРѕРґР° Г�22 Р»РёС‚Р°СЏ, РўРёС‚Р°РЅ II, СЃРѕ СЃСЉРµРјРЅРѕР№ СЂСѓС‡РєРѕР№",РђСЂС‚РёРєСѓР»: 9022
/wa-data/public/site/NMP_Catalogue/NM_K_tr28.html?iframe=true&width=98%&height=98%,/wa-data/public/shop/products/66/09/966/images/570/570.970.png,РљР°РјРµРЅРЅРѕРµ РїРѕРєСЂС‹С‚РёРµ,"РЎРєРѕРІРѕСЂРѕРґР° ""РљР°СЂРµР»РёСЏ"", Р»РёС‚Р°СЏ, Г�28",РђСЂС‚РёРєСѓР»: 2328
/wa-data/public/site/NMP_Catalogue/NM_B_tr28.html?iframe=true&width=98%&height=98%,/wa-data/public/shop/products/64/09/964/images/571/571.970.png,РљР°РјРµРЅРЅРѕРµ РїРѕРєСЂС‹С‚РёРµ,"РЎРєРѕРІРѕСЂРѕРґР° ""Р‘Р°Р№РєР°Р»"", Р»РёС‚Р°СЏ, Г�28",РђСЂС‚РёРєСѓР»: 2528
/wa-data/public/site/NMP_Catalogue/T_cpec_lh_28.html?iframe=true&width=98%&height=98%,/wa-data/public/shop/products/69/09/969/images/352/352.970.jpg,РЈРЅРёРІРµСЂСЃР°Р»СЊРЅС‹Рµ СЃРєРѕРІРѕСЂРѕРґС‹,РЎРљРћР’РћР РћР”Рђ Р›Р�РўРђРЇ (РїРѕР»РёРјРµСЂ-РєРµСЂР°Рј.) Г�28,РђСЂС‚РёРєСѓР»: 9128
/wa-data/public/site/NMP_Catalogue/pan_3l.html?iframe=true&width=98%&height=98%,/wa-data/public/shop/products/08/11/1108/images/601/601.970.jpg,РљРѕР»Р»РµРєС†РёСЏ РїРѕСЃСѓРґС‹ РёР· РЅРµСЂР¶Р°РІРµСЋС‰РµР№ СЃС‚Р°Р»Рё,"РљР°СЃС‚СЂСЋР»СЏ 4,0 Р» РёР· РЅРµСЂР¶Р°РІРµСЋС‰РµР№ СЃС‚Р°Р»Рё СЃРѕ СЃС‚РµРєР»СЏРЅРЅРѕР№ РєСЂС‹С€РєРѕР№",РђСЂС‚РёРєСѓР»: РќРЎ040
/wa-data/public/site/NMP_Catalogue/Bordo_trad_26_lh.html?iframe=true&width=98%&height=98%,/wa-data/public/shop/products/46/09/946/images/572/572.970.png,РЈРЅРёРІРµСЂСЃР°Р»СЊРЅС‹Рµ СЃРєРѕРІРѕСЂРѕРґС‹,"РЎРєРѕРІРѕСЂРѕРґР° Г�28 Р›Р�РўРђРЇ ""Р‘РѕСЂРґРѕ"" РўРёС‚Р°РЅ II",РђСЂС‚РёРєСѓР»: 9728
/wa-data/public/site/NMP_Catalogue/T_tr_26.html?iframe=true&width=98%&height=98%,/wa-data/public/shop/products/43/08/843/images/490/490.970.jpeg,РЈРЅРёРІРµСЂСЃР°Р»СЊРЅС‹Рµ СЃРєРѕРІРѕСЂРѕРґС‹,"РЎРєРѕРІРѕСЂРѕРґР° Г�24 Р»РёС‚Р°СЏ, РўРёС‚Р°РЅ II, СЃРѕ СЃСЉРµРјРЅРѕР№ СЂСѓС‡РєРѕР№",РђСЂС‚РёРєСѓР»: 9024
/wa-data/public/site/NMP_Catalogue/NM_B_cgril.html?iframe=true&width=98%&height=98%,/wa-data/public/shop/products/64/10/1064/images/528/528.970.png,РљР°РјРµРЅРЅРѕРµ РїРѕРєСЂС‹С‚РёРµ,"РЎРєРѕРІРѕСЂРѕРґР°-РіСЂРёР»СЊ ""Р‘Р°Р№РєР°Р»"", Р»РёС‚Р°СЏ, Г�26, СЃРѕ СЃСЉРµРјРЅРѕР№ СЂСѓС‡РєРѕР№",РђСЂС‚РёРєСѓР»: 254426
/wa-data/public/site/NMP_Catalogue/T_vok_26.html?iframe=true&width=98%&height=98%,/wa-data/public/shop/products/80/07/780/images/444/444.970.jpg,Р’РћРљ,"РЎРєРѕРІРѕСЂРѕРґР° ""Р’РѕРє"" Р»РёС‚Р°СЏ (РїРѕР»РёРјРµСЂ-РєРµСЂР°Рј.) Г�26",РђСЂС‚РёРєСѓР»: 3126W
/wa-data/public/site/NMP_Catalogue/T_tr_26.html?iframe=true&width=98%&height=98%,/wa-data/public/shop/products/93/08/893/images/491/491.970.jpeg,РЈРЅРёРІРµСЂСЃР°Р»СЊРЅС‹Рµ СЃРєРѕРІРѕСЂРѕРґС‹,"РЎРєРѕРІРѕСЂРѕРґР° Г�26 Р»РёС‚Р°СЏ, РўРёС‚Р°РЅ II, СЃРѕ СЃСЉРµРјРЅРѕР№ СЂСѓС‡РєРѕР№",РђСЂС‚РёРєСѓР»: 9026
/wa-data/public/site/NMP_Catalogue/NM_A_komf_26.html?iframe=true&width=98%&height=98%,/wa-data/public/shop/products/25/10/1025/images/480/480.970.png,РљР°РјРµРЅРЅРѕРµ РїРѕРєСЂС‹С‚РёРµ,"РЎРєРѕРІРѕСЂРѕРґР° ""РђР»С‚Р°Р№"", РіР»СѓР±РѕРєР°СЏ, Р»РёС‚Р°СЏ, Г�24",РђСЂС‚РёРєСѓР»: 27124
/wa-data/public/site/NMP_Catalogue/T_cgril.html?iframe=true&width=98%&height=98%,/wa-data/public/shop/products/61/10/1061/images/349/349.970.jpg,РЎРєРѕРІРѕСЂРѕРґС‹ РіСЂРёР»СЊ,"РЎРєРѕРІРѕСЂРѕРґР°-РіСЂРёР»СЊ Г�26 Р›Р�РўРђРЇ ""РќР°РґРµР¶РЅР°СЏ"", РўРёС‚Р°РЅ II, СЃРѕ СЃСЉРµРјРЅРѕР№ СЂСѓС‡РєРѕР№",РђСЂС‚РёРєСѓР»: 3026NG
/wa-data/public/site/NMP_Catalogue/T_sq_28.html?iframe=true&width=98%&height=98%,/wa-data/public/shop/products/45/07/745/images/510/510.970.png,РЈРЅРёРІРµСЂСЃР°Р»СЊРЅС‹Рµ СЃРєРѕРІРѕСЂРѕРґС‹,"РљРІР°РґСЂР°С‚РЅР°СЏ СЃРєРѕРІРѕСЂРѕРґР° Г�28, РўРёС‚Р°РЅ II",РђСЂС‚РёРєСѓР»: 94028
/wa-data/public/site/NMP_Catalogue/NM_K_vok_30.html?iframe=true&width=98%&height=98%,/wa-data/public/shop/products/85/09/985/images/505/505.970.png,РљР°РјРµРЅРЅРѕРµ РїРѕРєСЂС‹С‚РёРµ,"РЎРєРѕРІРѕСЂРѕРґР° Р’РѕРє ""РљР°СЂРµР»РёСЏ"", Р»РёС‚Р°СЏ, Г�30",РђСЂС‚РёРєСѓР»: 233130W
/wa-data/public/site/NMP_Catalogue/pan_3l.html?iframe=true&width=98%&height=98%,/wa-data/public/shop/products/09/11/1109/images/602/602.970.jpg,РљРѕР»Р»РµРєС†РёСЏ РїРѕСЃСѓРґС‹ РёР· РЅРµСЂР¶Р°РІРµСЋС‰РµР№ СЃС‚Р°Р»Рё,"РљР°СЃС‚СЂСЋР»СЏ 5,0 Р» РёР· РЅРµСЂР¶Р°РІРµСЋС‰РµР№ СЃС‚Р°Р»Рё СЃРѕ СЃС‚РµРєР»СЏРЅРЅРѕР№ РєСЂС‹С€РєРѕР№",РђСЂС‚РёРєСѓР»: РќРЎ050
/wa-data/public/site/NMP_Catalogue/T_vok_26.html?iframe=true&width=98%&height=98%,/wa-data/public/shop/products/82/07/782/images/446/446.970.jpg,Р’РћРљ,"РЎРєРѕРІРѕСЂРѕРґР° ""Р’РѕРє"" Р»РёС‚Р°СЏ (РїРѕР»РёРјРµСЂ-РєРµСЂР°Рј.) Г�30",РђСЂС‚РёРєСѓР»: 3130W
/wa-data/public/site/NMP_Catalogue/NM_A_komf_26.html?iframe=true&width=98%&height=98%,/wa-data/public/shop/products/26/10/1026/images/481/481.970.png,РљР°РјРµРЅРЅРѕРµ РїРѕРєСЂС‹С‚РёРµ,"РЎРєРѕРІРѕСЂРѕРґР° ""РђР»С‚Р°Р№"", РіР»СѓР±РѕРєР°СЏ, Р»РёС‚Р°СЏ, Г�26",РђСЂС‚РёРєСѓР»: 27126
/wa-data/public/site/NMP_Catalogue/fi_bordo_tr_24.html?iframe=true&width=98%&height=98%,/wa-data/public/shop/products/50/08/850/images/285/285.970.jpg,Р”Р»СЏ РёРЅРґСѓРєС†РёРѕРЅРЅС‹С… РїР»РёС‚,"РЎРљРћР’РћР РћР”Рђ Г�24  Р›Р�РўРђРЇ ""Р‘РѕСЂРґРѕ"" Р�РЅРґСѓРєС†РёРѕРЅРЅР°СЏ, РўРёС‚Р°РЅ II",РђСЂС‚РёРєСѓР»: 97124I
/wa-data/public/site/NMP_Catalogue/T_sqgril.html?iframe=true&width=98%&height=98%,/wa-data/public/shop/products/47/07/747/images/503/503.970.png,РЎРєРѕРІРѕСЂРѕРґС‹ РіСЂРёР»СЊ,"РљРІР°РґСЂР°С‚РЅР°СЏ СЃРєРѕРІРѕСЂРѕРґР°-РіСЂРёР»СЊ, Г�28, РўРёС‚Р°РЅ II, СЃРѕ СЃСЉРµРјРЅРѕР№ СЂСѓС‡РєРѕР№",РђСЂС‚РёРєСѓР»: 94028G
/wa-data/public/site/NMP_Catalogue/NM_A_komf_26.html?iframe=true&width=98%&height=98%,/wa-data/public/shop/products/27/10/1027/images/482/482.970.png,РљР°РјРµРЅРЅРѕРµ РїРѕРєСЂС‹С‚РёРµ,"РЎРєРѕРІРѕСЂРѕРґР° ""РђР»С‚Р°Р№"", РіР»СѓР±РѕРєР°СЏ, Р»РёС‚Р°СЏ, Г�28",РђСЂС‚РёРєСѓР»: 27128
/wa-data/public/site/NMP_Catalogue/NM_A_vok_30.html?iframe=true&width=98%&height=98%,/wa-data/public/shop/products/83/09/983/images/483/483.970.png,РљР°РјРµРЅРЅРѕРµ РїРѕРєСЂС‹С‚РёРµ,"РЎРєРѕРІРѕСЂРѕРґР° Р’РѕРє ""РђР»С‚Р°Р№"", Р»РёС‚Р°СЏ, Г�30",РђСЂС‚РёРєСѓР»: 273130W
/wa-data/public/site/NMP_Catalogue/fi_bordo_tr_24.html?iframe=true&width=98%&height=98%,/wa-data/public/shop/products/01/09/901/images/288/288.970.jpg,Р”Р»СЏ РёРЅРґСѓРєС†РёРѕРЅРЅС‹С… РїР»РёС‚,"РЎРљРћР’РћР РћР”Рђ Г�26  Р›Р�РўРђРЇ ""Р‘РѕСЂРґРѕ"" Р�РЅРґСѓРєС†РёРѕРЅРЅР°СЏ, РўРёС‚Р°РЅ II",РђСЂС‚РёРєСѓР»: 97126I
/wa-data/public/site/NMP_Catalogue/fi_trad_26_uh.html?iframe=true&width=98%&height=98%,/wa-data/public/shop/products/55/10/1055/images/674/674.970.png,Р”Р»СЏ РёРЅРґСѓРєС†РёРѕРЅРЅС‹С… РїР»РёС‚,"РЎРєРѕРІРѕСЂРѕРґР° Р¤РµСЂСЂР° Р�РЅРґСѓРєС†РёСЏ, Р»РёС‚Р°СЏ, Г�24, СЃРѕ СЃСЉРµРјРЅРѕР№ СЂСѓС‡РєРѕР№",РђСЂС‚РёРєСѓР»: 59024
/wa-data/public/site/NMP_Catalogue/NM_B_sq_gril.html?iframe=true&width=98%&height=98%,/wa-data/public/shop/products/46/07/746/images/479/479.970.png,РљР°РјРµРЅРЅРѕРµ РїРѕРєСЂС‹С‚РёРµ,"РљРІР°РґСЂР°С‚РЅР°СЏ СЃРєРѕРІРѕСЂРѕРґР°-РіСЂРёР»СЊ Г�28, ""Р‘Р°Р№РєР°Р»"", Р»РёС‚Р°СЏ, СЃРѕ СЃСЉРµРјРЅРѕР№ СЂСѓС‡РєРѕР№",РђСЂС‚РёРєСѓР»: 254028G
/wa-data/public/site/NMP_Catalogue/prof_scandinavia_26.html?iframe=true&width=98%&height=98%,/wa-data/public/shop/products/74/09/974/images/502/502.970.png,РџСЂРµРјРёСѓРј РєРѕР»Р»РµРєС†РёРё,"РЎРєРѕРІРѕСЂРѕРґР° PROF Master, РґР»СЏ Р¶Р°СЂРєРё, Р»РёС‚Р°СЏ, Г�28",РђСЂС‚РёРєСѓР»: 95128
/wa-data/public/site/NMP_Catalogue/T_cauld_5l.html?iframe=true&width=98%&height=98%,/wa-data/public/shop/products/34/07/734/images/436/436.970.jpg,РљР°Р·Р°РЅС‹ Рё РєРѕРІС€Рё,"РљР°Р·Р°РЅ СЃ РєСЂС‹С€РєРѕР№-СЃРєРѕРІРѕСЂРѕРґРѕР№, РўРёС‚Р°РЅ II, 3 Р»",РђСЂС‚РёРєСѓР»: 9830
/wa-data/public/site/NMP_Catalogue/fi_bordo_tr_24.html?iframe=true&width=98%&height=98%,/wa-data/public/shop/products/48/09/948/images/291/291.970.jpg,Р”Р»СЏ РёРЅРґСѓРєС†РёРѕРЅРЅС‹С… РїР»РёС‚,"РЎРљРћР’РћР РћР”Рђ Г�28  Р›Р�РўРђРЇ ""Р‘РѕСЂРґРѕ"" Р�РЅРґСѓРєС†РёРѕРЅРЅР°СЏ, РўРёС‚Р°РЅ II",РђСЂС‚РёРєСѓР»: 97128I
/wa-data/public/site/NMP_Catalogue/safran_comfort.html?iframe=true&width=98%&height=98%,/wa-data/public/shop/products/87/09/987/images/154/154.970.jpg,РџСЂРµРјРёСѓРј РєРѕР»Р»РµРєС†РёРё,"РЎРєРѕРІРѕСЂРѕРґР° РіР»СѓР±РѕРєР°СЏ, Saffran, Р»РёС‚Р°СЏ, Г�26",РђСЂС‚РёРєСѓР»: 77326
/wa-data/public/site/NMP_Catalogue/fi_trad_26_uh.html?iframe=true&width=98%&height=98%,/wa-data/public/shop/products/57/10/1057/images/677/677.970.png,Р”Р»СЏ РёРЅРґСѓРєС†РёРѕРЅРЅС‹С… РїР»РёС‚,"РЎРєРѕРІРѕСЂРѕРґР° Р¤РµСЂСЂР° Р�РЅРґСѓРєС†РёСЏ, Р»РёС‚Р°СЏ, Г�26, СЃРѕ СЃСЉРµРјРЅРѕР№ СЂСѓС‡РєРѕР№",РђСЂС‚РёРєСѓР»: 59026
/wa-data/public/site/NMP_Catalogue/prof_universal_26.html?iframe=true&width=98%&height=98%,/wa-data/public/shop/products/52/10/1052/images/487/487.970.png,РџСЂРµРјРёСѓРј РєРѕР»Р»РµРєС†РёРё,"РЎРєРѕРІРѕСЂРѕРґР° СЃСЂРµРґРЅСЏСЏ, PROF Master, Р»РёС‚Р°СЏ, Г�28",РђСЂС‚РёРєСѓР»: 92128
/wa-data/public/site/NMP_Catalogue/fi_circle_gril_26_uh.html?iframe=true&width=98%&height=98%,/wa-data/public/shop/products/65/10/1065/images/202/202.970.jpg,Р”Р»СЏ РёРЅРґСѓРєС†РёРѕРЅРЅС‹С… РїР»РёС‚,"РЎРєРѕРІРѕСЂРѕРґР°-РіСЂРёР»СЊ Р¤РµСЂСЂР° Р�РЅРґСѓРєС†РёСЏ, Р»РёС‚Р°СЏ, Г�24, СЃРѕ СЃСЉРµРјРЅРѕР№ СЂСѓС‡РєРѕР№",РђСЂС‚РёРєСѓР»: 54024
/wa-data/public/site/NMP_Catalogue/fi_vok_30_uh.html?iframe=true&width=98%&height=98%,/wa-data/public/shop/products/86/09/986/images/210/210.970.jpg,Р”Р»СЏ РёРЅРґСѓРєС†РёРѕРЅРЅС‹С… РїР»РёС‚,"РЎРєРѕРІРѕСЂРѕРґР° Р’РѕРє Р¤РµСЂСЂР° Р�РЅРґСѓРєС†РёСЏ, Р»РёС‚Р°СЏ, Г�30, СЃРѕ СЃСЉРµРјРЅРѕР№ СЂСѓС‡РєРѕР№",РђСЂС‚РёРєСѓР»: 53130W
/wa-data/public/site/NMP_Catalogue/safran_comfort.html?iframe=true&width=98%&height=98%,/wa-data/public/shop/products/88/09/988/images/156/156.970.jpg,РџСЂРµРјРёСѓРј РєРѕР»Р»РµРєС†РёРё,"РЎРєРѕРІРѕСЂРѕРґР° РіР»СѓР±РѕРєР°СЏ, Saffran, Р»РёС‚Р°СЏ, Г�28",РђСЂС‚РёРєСѓР»: 77328
/wa-data/public/site/NMP_Catalogue/T_sq_28_flatb.html?iframe=true&width=98%&height=98%,/wa-data/public/shop/products/10/11/1110/images/623/623.970.jpg,РЈРЅРёРІРµСЂСЃР°Р»СЊРЅС‹Рµ СЃРєРѕРІРѕСЂРѕРґС‹,"РљРІР°РґСЂР°С‚РЅР°СЏ СЃРєРѕРІРѕСЂРѕРґР° Г�28, ""Р¤РµСЂСЂР° Р�РЅРґСѓРєС†РёСЏ""",РђСЂС‚РёРєСѓР»: 59428
/wa-data/public/site/NMP_Catalogue/T_sqgril_flatb.html?iframe=true&width=98%&height=98%,/wa-data/public/shop/products/11/11/1111/images/650/650.970.jpg,РЎРєРѕРІРѕСЂРѕРґС‹ РіСЂРёР»СЊ,"РљРІР°РґСЂР°С‚РЅР°СЏ СЃРєРѕРІРѕСЂРѕРґР°-РіСЂРёР»СЊ Г�28, ""Р¤РµСЂСЂР° Р�РЅРґСѓРєС†РёСЏ""",РђСЂС‚РёРєСѓР»: 59428G
/wa-data/public/site/NMP_Catalogue/fi_circle_gril_flat_bot.html?iframe=true&width=98%&height=98%,/wa-data/public/shop/products/66/10/1066/images/684/684.970.png,Р”Р»СЏ РёРЅРґСѓРєС†РёРѕРЅРЅС‹С… РїР»РёС‚,"РЎРєРѕРІРѕСЂРѕРґР°-РіСЂРёР»СЊ Р¤РµСЂСЂР° Р�РЅРґСѓРєС†РёСЏ, Р»РёС‚Р°СЏ, Г�26, СЃРѕ СЃСЉРµРјРЅРѕР№ СЂСѓС‡РєРѕР№",РђСЂС‚РёРєСѓР»: 54026
/wa-data/public/site/NMP_Catalogue/fi_trad_28_uh.html?iframe=true&width=98%&height=98%,/wa-data/public/shop/products/59/10/1059/images/655/655.970.png,Р”Р»СЏ РёРЅРґСѓРєС†РёРѕРЅРЅС‹С… РїР»РёС‚,"РЎРєРѕРІРѕСЂРѕРґР° Р¤РµСЂСЂР° Р�РЅРґСѓРєС†РёСЏ, Р»РёС‚Р°СЏ, Г�28, СЃРѕ СЃСЉРµРјРЅРѕР№ СЂСѓС‡РєРѕР№",РђСЂС‚РёРєСѓР»: 59028
/wa-data/public/site/NMP_Catalogue/T_duck.html?iframe=true&width=98%&height=98%,/wa-data/public/shop/products/76/10/1076/images/325/325.970.jpg,РљР°Р·Р°РЅС‹ Рё РєРѕРІС€Рё,РЈС‚СЏС‚РЅРёС†Р° СЃ РєСЂС‹С€РєРѕР№-СЃРєРѕРІРѕСЂРѕРґРѕР№ (3Р»),РђСЂС‚РёРєСѓР»: 6730
/wa-data/public/site/NMP_Catalogue/T_duck.html?iframe=true&width=98%&height=98%,/wa-data/public/shop/products/29/07/729/images/328/328.970.jpg,РљР°Р·Р°РЅС‹ Рё РєРѕРІС€Рё,Р“СѓСЃСЏС‚РЅРёС†Р°  СЃ РєСЂС‹С€РєРѕР№-СЃРєРѕРІРѕСЂРѕРґРѕР№ (4Р»),РђСЂС‚РёРєСѓР»: 6740
/wa-data/public/site/NMP_Catalogue/safran_cauld_5l.html?iframe=true&width=98%&height=98%,/wa-data/public/shop/products/30/07/730/images/438/438.970.jpg,РџСЂРµРјРёСѓРј РєРѕР»Р»РµРєС†РёРё,"РљР°Р·Р°РЅ 5Р», Saffran, Р»РёС‚РѕР№",РђСЂС‚РёРєСѓР»: 73850
/wa-data/public/site/NMP_Catalogue/T_cauld_5l.html?iframe=true&width=98%&height=98%,/wa-data/public/shop/products/41/07/741/images/439/439.970.jpg,РљР°Р·Р°РЅС‹ Рё РєРѕРІС€Рё,"РљР°Р·Р°РЅ СЃ РєСЂС‹С€РєРѕР№-СЃРєРѕРІРѕСЂРѕРґРѕР№, РўРёС‚Р°РЅ II, 5 Р»",РђСЂС‚РёРєСѓР»: 9850
/wa-data/public/site/NMP_Catalogue/prof_sot_2h.html?iframe=true&width=98%&height=98%,/wa-data/public/shop/products/75/10/1075/images/150/150.970.jpg,РџСЂРµРјРёСѓРј РєРѕР»Р»РµРєС†РёРё,"РЎРѕС‚РµР№РЅРёРє PROF Master, СЃРѕ СЃС‚.РєСЂС‹С€РєРѕР№ Рё РґРІСѓРјСЏ СЂСѓС‡РєР°РјРё, Р»РёС‚РѕР№, Г�26",РђСЂС‚РёРєСѓР»: 99326
/wa-data/public/site/NMP_Catalogue/prof_sot_2h_np.html?iframe=true&width=98%&height=98%,/wa-data/public/shop/products/71/10/1071/images/625/625.970.jpg,РЎРѕС‚РµР№РЅРёРєРё,"РЎРѕС‚РµР№РЅРёРє Г�24 Р»РёС‚РѕР№, РўРёС‚Р°РЅ II, СЃРѕ СЃС‚. РєСЂС‹С€РєРѕР№ Рё РґРІСѓРјСЏ СЂСѓС‡РєР°РјРё",РђСЂС‚РёРєСѓР»: 93424СЃ
/wa-data/public/site/NMP_Catalogue/prof_sot_2h_np.html?iframe=true&width=98%&height=98%,/wa-data/public/shop/products/74/10/1074/images/410/410.970.jpg,РЎРѕС‚РµР№РЅРёРєРё,"РЎРѕС‚РµР№РЅРёРє Г�26 Р»РёС‚РѕР№, РўРёС‚Р°РЅ II, СЃРѕ СЃС‚.РєСЂС‹С€РєРѕР№ Рё РґРІСѓРјСЏ СЂСѓС‡РєР°РјРё",РђСЂС‚РёРєСѓР»: 93426СЃ
/wa-data/public/site/NMP_Catalogue/T_cauld_5l.html?iframe=true&width=98%&height=98%,/wa-data/public/shop/products/42/07/742/images/217/217.970.jpg,РљР°Р·Р°РЅС‹ Рё РєРѕРІС€Рё,"РљР°Р·Р°РЅ СЃ РєСЂС‹С€РєРѕР№-СЃРєРѕРІРѕСЂРѕРґРѕР№, РўРёС‚Р°РЅ II, 7Р»",РђСЂС‚РёРєСѓР»: 9870
/wa-data/public/site/NMP_Catalogue/shafran_vok_30.html?iframe=true&width=98%&height=98%,/wa-data/public/shop/products/27/07/727/images/151/151.970.jpg,РџСЂРµРјРёСѓРј РєРѕР»Р»РµРєС†РёРё,"Р’РѕРє Saffran, СЃ РєСЂС‹С€РєРѕР№ Рё РґРІСѓРјСЏ СЂСѓС‡РєР°РјРё, Р»РёС‚РѕР№, Г�30",РђСЂС‚РёРєСѓР»: 73430Wc
